Creation,MergeTime,id,isPr,N. of Comments,Closed,N. Labels,author, labelStatus, lastUpdateTime, milestoneTitle, Repository
1791367385,NA,52105,1,2,0,4,perrotta,PNNNNNNNNNNNNNNNNNPNNN,1791367424,CMSSW_20_0_X,cms-sw/cmssw
1791363113,NA,52104,1,5,0,5,civanch,NNNNNNNNNNNNNNNNNPRNNN,1791366546,CMSSW_20_1_X,cms-sw/cmssw
1791342812,NA,52103,1,3,0,6,alexandertuna,NNNNNNNNNNNNNNNNPNPNNN,1791343009,CMSSW_20_1_X,cms-sw/cmssw
1791339400,NA,52102,1,8,0,7,felicepantaleo,NNNNNNNNNNNNNNNNPNRNNN,1791344115,CMSSW_20_1_X,cms-sw/cmssw
1791291461,NA,52100,1,11,0,5,perrotta,ANNNNNNNNNNNNNNNNNANNN,1791362167,CMSSW_20_1_X,cms-sw/cmssw
1791290201,NA,52099,1,11,0,11,mmusich,NNNNNANNNNNANNNNPNANNN,1791356626,CMSSW_17_0_X,cms-sw/cmssw
1791287617,NA,52098,1,8,0,7,mmusich,NNNNNNNNNNNANNNNPNANNN,1791340441,CMSSW_20_1_X,cms-sw/cmssw
1791225908,NA,52091,1,9,0,6,Xinlong12580,NNNNNNNNNNNNNNNNPNPNNN,1791323072,CMSSW_17_0_X,cms-sw/cmssw
1791219865,NA,52090,1,6,0,6,makortel,PNNNNNNNNNNNNNNNNNANNN,1791227006,CMSSW_20_1_X,cms-sw/cmssw
1791200826,NA,52085,1,11,0,9,Electricks94,NNNNNNNNNNPNNNNNPNRNNN,1791292569,CMSSW_20_1_X,cms-sw/cmssw
1791195931,NA,52083,1,6,0,5,jbsauvan,NNNNNNNNNNNNPNNNNNANNN,1791218983,CMSSW_20_1_X,cms-sw/cmssw
1791031110,NA,52077,1,10,0,7,tvami,NNNNNNNNPNNNNNNPNNANNN,1791038825,CMSSW_20_1_X,cms-sw/cmssw
1791011281,NA,52076,1,10,0,7,Parsifal-2045,NNNNNNNNNNNNNNNNNNANNA,1791308558,CMSSW_20_1_X,cms-sw/cmssw
1791006683,NA,52075,1,13,0,5,mmusich,NNNNNNNNNNNPNNNNNNANNN,1791182380,CMSSW_15_0_X,cms-sw/cmssw
1790956398,NA,52073,1,13,0,7,bdanzi,NNNNNNNNNPNNNNNNNPANNN,1791210438,CMSSW_20_1_X,cms-sw/cmssw
1790950934,NA,52072,1,19,0,6,Dr15Jones,NNPNNNNNNNNNNNNNNPRNNN,1791225692,CMSSW_20_1_X,cms-sw/cmssw
1790940229,NA,52068,1,5,0,5,akritkbehera,NNNNNNNNNNNNNNNNNNANNP,1790948209,CMSSW_20_1_X,cms-sw/cmssw
1790939840,NA,52065,1,5,0,5,akritkbehera,NNNNNNNNNNNNPNNNNNANNN,1790948274,CMSSW_20_1_X,cms-sw/cmssw
1790933722,NA,52061,1,8,0,17,akritkbehera,PRPNPPNNPNPNPNNNPPPNNP,1790943119,CMSSW_20_1_X,cms-sw/cmssw
1790866862,NA,52057,1,6,0,5,teteumac,NNNNNPNNNNNNNNNNNNANNN,1791202891,CMSSW_20_1_X,cms-sw/cmssw
1790866233,NA,52056,1,6,0,5,teteumac,NNNNNPNNNNNNNNNNNNANNN,1791202586,CMSSW_20_1_X,cms-sw/cmssw
1790848440,NA,52049,1,5,0,6,eyigitba,NNNNNNNNNNNNPNANNNANNN,1791244404,CMSSW_20_1_X,cms-sw/cmssw
1790836227,NA,52046,1,11,0,5,gabrielmscampos,NNNNNPNNNNNNNNNNNNANNN,1790856989,CMSSW_20_1_X,cms-sw/cmssw
1790834588,NA,52045,1,5,0,6,smuzaffar,NNNNNNNNNNNNNNNNPNPNNN,1790837188,CMSSW_20_1_X,cms-sw/cmssw
1790821208,NA,52041,1,16,0,8,alexstrel,NNNNNNNNNNPNNNNNPNANNN,1790957677,CMSSW_20_1_X,cms-sw/cmssw
1790797060,NA,52040,1,10,0,5,gartung,NNPNNNNNNNNNNNNNNNPNNN,1790960827,CMSSW_20_1_X,cms-sw/cmssw
1790788026,NA,52039,1,7,0,5,kpedro88,NNNNNNNNNNNNNNNPNNANNN,1791296238,CMSSW_20_1_X,cms-sw/cmssw
1790772637,NA,52034,1,17,0,5,chrishanw,NNNNNNNNNNNPNNNNNNANNN,1790855053,CMSSW_20_1_X,cms-sw/cmssw
1790766804,NA,52032,1,5,0,10,fwyzard,NNNNNPNNNNNPNPNNPNANNP,1790818751,CMSSW_20_1_X,cms-sw/cmssw
1790761469,NA,52030,1,8,0,6,Chriisbrown,NNNNNNNNNNNNANNNNNANNN,1791253262,CMSSW_20_1_X,cms-sw/cmssw
1790680346,NA,52015,1,18,0,8,GNiendorf,NNNNNNNNNNNANNNNPNANNN,1791347791,CMSSW_20_1_X,cms-sw/cmssw
1790678619,NA,52012,1,49,0,11,EmanueleCoradin,NNNNNNNNNNPNNPNNPNANNN,1791318748,CMSSW_20_1_X,cms-sw/cmssw
1790677974,NA,52011,1,16,0,6,GNiendorf,NNNNNNNNNNNNNNNNPNANNN,1791324173,CMSSW_20_1_X,cms-sw/cmssw
1790677617,NA,52010,1,26,0,11,masonproffitt,NNNNNNNNNNNNNPPPPNRNNN,1790875251,CMSSW_20_1_X,cms-sw/cmssw
1790664242,NA,52008,1,6,0,8,gsaha009,NNNNNPNNNNNNNNPNPPRNNN,1790680355,CMSSW_20_1_X,cms-sw/cmssw
1790622031,NA,52006,1,37,0,11,fwyzard,NNNNNANNNNNANPNNANANNP,1791295427,CMSSW_20_1_X,cms-sw/cmssw
1790588560,NA,52000,1,18,0,5,smeriano,NNNNNPNNNNNNNNNNNNANNN,1791209897,CMSSW_20_1_X,cms-sw/cmssw
1790509454,NA,51990,1,7,0,6,stahlleiton,NNNNNNNNNNNNNNNNANANNP,1791304339,CMSSW_17_0_X,cms-sw/cmssw
1790506377,NA,51989,1,26,0,7,stahlleiton,PNNNNNNNNNNANNANNNANNN,1791188368,CMSSW_17_0_X,cms-sw/cmssw
1790405479,NA,51984,1,5,0,6,vince502,NNNNNNNNNNNNNNNNPNANNN,1790418401,CMSSW_17_0_X,cms-sw/cmssw
1790362476,NA,51982,1,19,0,8,jchismar,NNNNNNNNNNNANNANANANNN,1791321366,CMSSW_20_1_X,cms-sw/cmssw
1790349190,NA,51979,1,25,0,9,bfonta,NNNNNPNNNNNPNNNPNNANNN,1790675569,CMSSW_20_1_X,cms-sw/cmssw
1790337001,NA,51977,1,6,0,7,tomalin,NNNNNNNNNPNNNNNNNPPNNN,1790343328,CMSSW_20_1_X,cms-sw/cmssw
1790263005,NA,51968,1,26,0,7,fwyzard,NNNNNNNNNNNNNPNNNNANNN,1790754479,CMSSW_20_1_X,cms-sw/cmssw
1790219431,NA,51959,1,29,0,9,hatakeyamak,NNNNNANNNNNNNNNPANANNN,1791220390,CMSSW_20_1_X,cms-sw/cmssw
1790191616,NA,51958,1,21,0,13,fwyzard,NNNNNPNNNNPPNPNNPNSNNP,1790766721,CMSSW_20_1_X,cms-sw/cmssw
1790153925,NA,51948,1,13,0,6,sbein,NNNNNNNNNNNNNNNNNNANNA,1791094460,CMSSW_16_0_X,cms-sw/cmssw
1790153895,NA,51947,1,13,0,5,sbein,NNNNNNNNNNNNNNNNNNANNA,1790920377,CMSSW_15_1_X,cms-sw/cmssw
1790153677,NA,51945,1,15,0,6,sbein,NNNNNNNNNNNNNNNNNNRNNP,1791315495,CMSSW_20_1_X,cms-sw/cmssw
1790114199,NA,51942,1,5,0,5,mardsouza,NNNNNNNNPNNNNNNNNNANNN,1791208255,CMSSW_20_1_X,cms-sw/cmssw
1790078372,NA,51940,1,6,0,5,mandalaritra1,NNNNNNNNPNNNNNNNNNANNN,1791282164,CMSSW_20_1_X,cms-sw/cmssw
1790008126,NA,51932,1,17,0,8,casarsa,NNNNNANNNNNANNNNPPRNNN,1791316023,CMSSW_20_1_X,cms-sw/cmssw
1789982422,NA,51928,1,7,0,6,parbol,PNNNPNNNNNNNNNNNNNANNN,1790751775,CMSSW_20_1_X,cms-sw/cmssw
1789841073,NA,51919,1,28,0,12,felicepantaleo,NNANNANNANNNNNNPAAANNP,1791340392,CMSSW_20_1_X,cms-sw/cmssw
1789566942,NA,51903,1,9,0,11,fwyzard,PNNNPNNNNNPNNPNNPNPNNN,1790086768,CMSSW_20_1_X,cms-sw/cmssw
1789394930,NA,51885,1,21,0,6,pritampalit,NNNNNNNNNNNNNNNNPNPNNN,1791289050,CMSSW_20_1_X,cms-sw/cmssw
1789154669,NA,51867,1,28,0,6,makortel,NNPNNNNNNNNNNNNNNNRNNN,1791305006,CMSSW_20_1_X,cms-sw/cmssw
1789132955,NA,51864,1,50,0,6,gartung,NNPNNNNNNNNNNNNNNNANNN,1790950919,CMSSW_20_1_X,cms-sw/cmssw
1789117602,NA,51862,1,28,0,13,prabhatsolanki,NNNNNPNNNNNNNPAPPNANNN,1790178440,CMSSW_20_1_X,cms-sw/cmssw
1789109318,NA,51861,1,34,0,9,24LopezR,NNNNNPNNNPNNNNNNPPANNN,1791211038,CMSSW_20_1_X,cms-sw/cmssw
1789053355,NA,51856,1,18,0,9,silviodonato,NNNNNANNNNNNNNAPNAANNN,1791203092,CMSSW_20_1_X,cms-sw/cmssw
1789048897,NA,51855,1,3,0,6,jonathon-langford,NNNNNNNNPNNNNNNNNNPNNP,1789050258,CMSSW_20_1_X,cms-sw/cmssw
1788971070,NA,51847,1,22,0,8,mmasciov,NNNNNNNNNNNRNNNNANANNN,1791277691,CMSSW_20_1_X,cms-sw/cmssw
1788937628,NA,51846,1,3,0,5,namapane,NNNNNNNNNNNNNNNNNNPNNP,1788937872,CMSSW_17_0_X,cms-sw/cmssw
1788539038,NA,51832,1,2,0,5,ariostas,NNNNNNNNNNNNNNNNNNPNNP,1788539222,CMSSW_20_1_X,cms-sw/cmssw
1788518022,NA,51829,1,126,0,10,felicepantaleo,NNNNNPNNPNNNNNNPNPANNN,1790842251,CMSSW_20_1_X,cms-sw/cmssw
1788454453,NA,51828,1,10,0,5,ghyls,NNNNNNNNNNPNNNNNNNANNN,1790924225,CMSSW_20_1_X,cms-sw/cmssw
1788349335,NA,51807,1,12,0,5,LucaPacioselli,NNNNNNNNNNPNNNNNNNPNNN,1789738242,CMSSW_20_1_X,cms-sw/cmssw
1788331716,NA,51803,1,12,0,7,artlbv,NNNNNNNNNNNNPNNPNNANNP,1790773863,CMSSW_20_1_X,cms-sw/cmssw
1788295368,NA,51799,1,5,0,7,shimashimarin,NNNNNNNNPNNNNNNNNNSNNN,1791198508,CMSSW_20_1_X,cms-sw/cmssw
1788281751,NA,51798,1,12,0,5,ariostas,NNNNNNNNNNNNNNNNNNPNNP,1790790994,CMSSW_20_1_X,cms-sw/cmssw
1787892346,NA,51774,1,7,0,4,mmusich,NNNNNNNNNNNPNNNNNNANNN,1788497382,CMSSW_20_0_X,cms-sw/cmssw
1787530420,NA,51748,1,17,0,6,youngwan-kim,NNNNNNNNPNNNNNNPNNANNN,1791283551,CMSSW_20_1_X,cms-sw/cmssw
1787150394,NA,51738,1,11,0,7,tomalin,NNNNNNNNNNNNPNNNNPANNN,1789987327,CMSSW_20_1_X,cms-sw/cmssw
1787149710,NA,51736,1,49,0,6,ljuckett,NNNNNPNNNNNNNNNNNNANNN,1791296462,CMSSW_20_1_X,cms-sw/cmssw
1787075750,NA,51730,1,13,0,7,felicepantaleo,NNNNNNNNNNRNNNNNNNRNNN,1787284510,CMSSW_20_1_X,cms-sw/cmssw
1786718476,NA,51710,1,11,0,7,battibass,NNNNNNNNNNNNNNAPNNANNA,1790577226,CMSSW_17_0_X,cms-sw/cmssw
1786473580,NA,51678,1,5,0,5,clelange,NNNNNNNNNNNNNNNNNNANNP,1787096325,CMSSW_20_1_X,cms-sw/cmssw
1786174363,NA,51654,1,19,0,7,felicepantaleo,NNNNNNNNNNNNNNNPNNANNN,1790865306,CMSSW_20_1_X,cms-sw/cmssw
1786046875,NA,51643,1,20,0,7,kakwok,NNNNNNNNNNPNNNNNPNANNP,1790634165,CMSSW_20_1_X,cms-sw/cmssw
1785924526,NA,51630,1,6,0,5,runtingt,NNNNNNNNANNNNNNNNNANNN,1786431540,CMSSW_12_4_X,cms-sw/cmssw
1785924519,NA,51629,1,6,0,5,runtingt,NNNNNNNNANNNNNNNNNANNN,1786431513,CMSSW_13_0_X,cms-sw/cmssw
1785399717,NA,51600,1,16,0,7,SeverinDiederichs,NNNNNNNNNANNNNNNNNANNN,1790862792,CMSSW_20_1_X,cms-sw/cmssw
1785309171,NA,51587,1,46,0,10,sbaldu,NNNNNNNNNNPPPNNNPNRNNN,1791209622,CMSSW_20_1_X,cms-sw/cmssw
1785108594,NA,51565,1,30,0,7,fdoljanin,NNNNNANNNNNNNNNNNNPNNN,1788911231,CMSSW_20_1_X,cms-sw/cmssw
1785036509,NA,51564,1,9,0,5,mmusich,NNNNNNNNNNNPNNNNNNANNN,1789061472,CMSSW_20_1_X,cms-sw/cmssw
1784230998,NA,51516,1,22,0,8,sbein,NNNNNNNPNNNPNNAPNNANNN,1791359640,CMSSW_17_0_X,cms-sw/cmssw
1784125096,NA,51503,1,14,0,8,tomalin,NNNNNNNNNNNNPNNNNPPNNN,1789719708,CMSSW_20_1_X,cms-sw/cmssw
1784116918,NA,51499,1,32,0,5,jonathon-langford,NNNNNNNNANNNNNNNNNANNA,1789050222,CMSSW_15_0_X,cms-sw/cmssw
1784038632,NA,51482,1,16,0,6,missirol,NNNNNNNNNNNNANNNNNANNP,1788868448,CMSSW_20_1_X,cms-sw/cmssw
1783600528,NA,51460,1,31,0,9,chrishanw,PNNNPNNNNNNRNNNNPNPNNN,1788497235,CMSSW_20_1_X,cms-sw/cmssw
1783277229,NA,51415,1,8,0,6,felicepantaleo,NNNNNNNNNNNNNNPNNNANNN,1785320459,CMSSW_20_1_X,cms-sw/cmssw
1783001202,NA,51397,1,6,0,5,llunerti,NNNNNNNNNNNNNNNNPNANNN,1790582167,CMSSW_20_1_X,cms-sw/cmssw
1782205061,NA,51292,1,8,0,5,Alejandro1400,NNNNPNNNNNNNNNNNNNPNNN,1783936880,CMSSW_20_1_X,cms-sw/cmssw
1782174949,NA,51282,1,3,0,5,alja,NNNNNNNNNNNNNNNNNNPNPN,1782175189,CMSSW_20_1_X,cms-sw/cmssw
1782163838,NA,51281,1,10,0,5,michael-pitt,NNNNNNNNPNNNNNNNNNANNN,1789502872,CMSSW_20_1_X,cms-sw/cmssw
1781955184,NA,51271,1,81,0,8,felicepantaleo,NNPNNNNNNNPNNNNNNNSNNN,1790857940,CMSSW_20_1_X,cms-sw/cmssw
1781873187,NA,51268,1,30,0,14,borzari,NNNNNPNNNNPPNNPPPNRNNN,1791295576,CMSSW_20_1_X,cms-sw/cmssw
1781265141,NA,51206,1,15,0,6,bfonta,NNNNNNNNNNNRNNNNNNPNNN,1785764861,CMSSW_17_0_X,cms-sw/cmssw
1781264190,NA,51205,1,9,0,6,bfonta,NNNNNNNNNNNRNNNNNNPNNN,1782739410,CMSSW_20_1_X,cms-sw/cmssw
1781176424,NA,51200,1,94,0,11,ckoraka,NNNNNNNNNNPPNNPPPNPNNN,1791311601,CMSSW_20_1_X,cms-sw/cmssw
1780924593,NA,51148,1,12,0,5,raoatifshad,NNNNNNNNNNNNNNNNNPANNN,1781523067,CMSSW_20_1_X,cms-sw/cmssw
1779868660,NA,51047,1,88,0,9,tcuisset,NNNNNANNNNNPNNNNAAANNP,1786105886,CMSSW_20_1_X,cms-sw/cmssw
1779717596,NA,51029,1,46,0,5,kawaho,NNNNNNNNPNNNNNNNNNPNNN,1789996253,CMSSW_17_0_X,cms-sw/cmssw
1777546299,NA,50837,1,10,0,8,fwyzard,PNPNPNNNNNPNNNNNNNANNN,1780982870,CMSSW_20_0_X,cms-sw/cmssw
1776685391,NA,50766,1,60,0,8,cericeci,NNNNNNNNNNRNNNNNPNPNNN,1788443113,CMSSW_20_1_X,cms-sw/cmssw
1775043271,NA,50617,1,6,0,6,Dr15Jones,NNPNNNNNNNNNNNNNNNPNNN,1780982857,CMSSW_20_0_X,cms-sw/cmssw
1774778589,NA,50585,1,20,0,5,fwyzard,NNPNNNNNNNNNNNNNNNPNNN,1785936488,CMSSW_20_1_X,cms-sw/cmssw
1772527151,NA,50292,1,157,0,12,bfonta,NNNNNPNNNNNNNNNNPPANNN,1785170023,CMSSW_20_1_X,cms-sw/cmssw
1771261775,NA,50156,1,34,0,6,Ma128-bit,NNNNNNNNPNNNNNNNNNPNNN,1782285997,CMSSW_20_1_X,cms-sw/cmssw
1771248536,NA,50152,1,5,0,4,Ma128-bit,NNNNNNNNNNNNNNNNNNPNNN,1774122094,CMSSW_14_0_X,cms-sw/cmssw
1770203761,NA,50029,1,22,0,5,BlancoFS,NNNNNNNNNNNNNNNNPNANNN,1790665781,CMSSW_20_1_X,cms-sw/cmssw
1768835816,NA,49870,1,20,0,6,RobertJWard,NNNNNNNNNNNNPNNNNNPNNP,1780982826,CMSSW_20_0_X,cms-sw/cmssw
1768580024,NA,49854,1,12,0,6,Dr15Jones,NNPNNNNNNNNNNNNNNNANNN,1780982824,CMSSW_20_0_X,cms-sw/cmssw
1768474520,NA,49843,1,3,0,5,forthommel,NNNNNNNNNNNNNNNNNPPNNN,1778158989,CMSSW_15_0_X,cms-sw/cmssw
1765957645,NA,49651,1,17,0,6,iarspider,NNPNNNNNNNNNNNNNNNANNN,1780982830,CMSSW_20_0_X,cms-sw/cmssw
1765282889,NA,49580,1,49,0,7,ericcano,NNPNNNNNNNPNNNNNNNPNNN,1787829981,CMSSW_20_1_X,cms-sw/cmssw
1764837208,NA,49547,1,11,0,5,fwyzard,NNNNNNNNNNPNNNNNNNANNN,1780982807,CMSSW_20_0_X,cms-sw/cmssw
1764141450,NA,49477,1,7,0,6,srimanob,NNNNNNNNNNNNPNNNNNPNNP,1780982805,CMSSW_20_0_X,cms-sw/cmssw
1761223388,NA,49204,1,11,0,5,Electricks94,NNNNNNNNNNPNNNNNNNPNNN,1780982799,CMSSW_20_0_X,cms-sw/cmssw
1760987881,NA,49194,1,18,0,10,JanGerritSchulz,NNNNNPNNNNNNNNNNNPPNNN,1780982794,CMSSW_20_0_X,cms-sw/cmssw
1759915245,NA,49102,1,27,0,6,mmusich,NNNNNPNNNNNNNNNNNNANNN,1780982791,CMSSW_20_0_X,cms-sw/cmssw
1759666888,NA,49063,1,85,0,5,mmusich,NNNNNNNNNNNPNNNNNNANNN,1788508753,CMSSW_20_1_X,cms-sw/cmssw
1757328360,NA,48861,1,17,0,8,nowaythatsok,RNNNRNNNNNNNNNNNPNPNNN,1780982782,CMSSW_20_0_X,cms-sw/cmssw
1753685354,NA,48637,1,17,0,6,iarspider,NNNNNNNNNNNNNNNPNNRPNN,1780982780,CMSSW_20_0_X,cms-sw/cmssw
1749822577,NA,48319,1,28,0,11,RSalvatico,NNNNNPNNNNNNNNNNPPPPAN,1780982778,CMSSW_20_0_X,cms-sw/cmssw
1740485223,NA,47447,1,139,0,10,bapavlov,NNPNNNNNNNNNNNAPNPAPNN,1788549348,CMSSW_20_1_X,cms-sw/cmssw
1739514256,NA,47348,1,12,0,7,sbaradia21,NNNNNNNNNNNNPNNNNNPPNN,1780982770,CMSSW_20_0_X,cms-sw/cmssw
1733128121,NA,46838,1,16,0,5,mmarchegiani,NNNNNPNNNNNNNNNNNNRNNN,1780982762,CMSSW_20_0_X,cms-sw/cmssw
1731326494,NA,46658,1,88,0,6,fwyzard,NNNNNNNNNNPNNNNNNNRNNN,1780982761,CMSSW_20_0_X,cms-sw/cmssw
1728462399,NA,46318,1,21,0,5,smuzaffar,NNNNNNNNNNNNNPNNNNANNN,1780982759,CMSSW_20_0_X,cms-sw/cmssw
1725357032,NA,45863,1,19,0,5,aloeliger,NNNNNNNNNNNNPNNNNNRNNN,1780982756,CMSSW_20_0_X,cms-sw/cmssw
1722462791,NA,45612,1,45,0,10,slava77,NNNNNPNNNNNNNNNNANSNNP,1787048440,CMSSW_20_1_X,cms-sw/cmssw
1716923080,NA,45083,1,27,0,7,mmusich,RNNNNNNNNNNNNNNNNNSNNN,1787048468,CMSSW_17_0_X,cms-sw/cmssw
1710190277,NA,44372,1,37,0,20,mmusich,RRPPRPNNPRNPPNNNRRPPNR,1780982747,CMSSW_20_0_X,cms-sw/cmssw
1708436673,NA,44029,1,28,0,6,gsaha009,NNNNNPNNNNNNNNPNNNRNNN,1780982746,CMSSW_20_0_X,cms-sw/cmssw
1699343226,NA,43213,1,9,0,4,kfjack,NNNNNNNNNNNNNNNRNNRNNN,1739194815,CMSSW_12_4_X,cms-sw/cmssw
1699341313,NA,43212,1,27,0,5,kfjack,NNNNNNNNNNNNNNNRNNANNN,1780982743,CMSSW_20_0_X,cms-sw/cmssw
1698753279,NA,43154,1,25,0,5,aloeliger,NNNNNNNNNNNNPNNNNNPNNN,1780982742,CMSSW_20_0_X,cms-sw/cmssw
1687171247,NA,42007,1,19,0,8,Sam-Harper,NNNNNNNNNNNNNNNNRNPNNP,1785394543,CMSSW_20_1_X,cms-sw/cmssw
1687167402,NA,42005,1,23,0,5,aloeliger,NNNNNNNNNNNNPNNNNNANNN,1780982738,CMSSW_20_0_X,cms-sw/cmssw
1659369438,NA,38924,1,26,0,5,Dr15Jones,NNPNNNNNNNNNNNNNNNRNNN,1780982735,CMSSW_20_0_X,cms-sw/cmssw
1791364313,NA,10904,1,4,0,4,smuzaffar,NNNNNNPNNNNNNNNNNNRNNN,1791364965,-,cms-sw/cmsdist
1791352580,NA,10903,1,8,0,4,smuzaffar,NNNNNNPNNNNNNNNNNNSNNN,1791361135,-,cms-sw/cmsdist
1791290573,NA,10900,1,2,0,4,mmusich,NNNNNNPNNNNNNNNNNNPNNN,1791290653,-,cms-sw/cmsdist
1791271357,NA,10899,1,8,0,4,smuzaffar,NNNNNNPNNNNNNNNNNNANNN,1791359199,-,cms-sw/cmsdist
1791207606,NA,10897,1,16,0,5,fwyzard,NNNNNNPNNNNNNNNNNNRNNN,1791322758,-,cms-sw/cmsdist
1791175742,NA,10894,1,4,0,4,akritkbehera,NNNNNNPNNNNNNNNNNNRNNN,1791200609,-,cms-sw/cmsdist
1790761446,NA,10887,1,7,0,5,Chriisbrown,NNNNNNANNNNNNNNNNNANNN,1791253261,-,cms-sw/cmsdist
1790223553,NA,10873,1,19,0,6,fwyzard,NNNNNNPNNNNNNNNNNNANNN,1790669991,-,cms-sw/cmsdist
1790057438,NA,10866,1,16,0,5,fwyzard,NNNNNNPNNNNNNNNNNNRNNN,1790158512,-,cms-sw/cmsdist
1789220584,NA,10847,1,18,0,4,smuzaffar,NNNNNNPNNNNNNNNNNNPNNN,1789550307,-,cms-sw/cmsdist
1788240839,NA,10812,1,14,0,5,smuzaffar,NNNNNNPNNNNNNNNNNNRNNN,1788445243,-,cms-sw/cmsdist
1787086475,NA,10794,1,34,0,4,fwyzard,NNNNNNPNNNNNNNNNNNANNN,1790797050,-,cms-sw/cmsdist
1780915943,NA,10608,1,21,0,5,fwyzard,NNNNNNPNNNPNNNNNNNRNNN,1786393266,-,cms-sw/cmsdist
1780319712,NA,10601,1,4,0,5,akritkbehera,NNNNNNPNNNNNNNNNNNPNNN,1780367414,-,cms-sw/cmsdist
1779971902,NA,10590,1,10,0,4,makortel,NNNNNNPNNNNNNNNNNNPNNN,1780330979,-,cms-sw/cmsdist
1770725478,NA,10333,1,10,0,4,smuzaffar,NNNNNNPNNNNNNNNNNNRNNN,1780984359,-,cms-sw/cmsdist
1768233599,NA,10273,1,16,0,5,fwyzard,NNNNNNPNNNNNNNNNNNANNN,1780984324,-,cms-sw/cmsdist
1768122440,NA,10267,1,31,0,4,fwyzard,NNNNNNPNNNNNNNNNNNRNNN,1780984256,-,cms-sw/cmsdist
1763561142,NA,10212,1,36,0,4,smuzaffar,NNNNNNPNNNNNNNNNNNRNNN,1790828582,-,cms-sw/cmsdist
1763331528,NA,10200,1,12,0,5,shimashimarin,NNNNNNPNNNNNNNNNNNANNN,1780984164,-,cms-sw/cmsdist
1762540444,NA,10184,1,10,0,4,makortel,NNNNNNPNNNNNNNNNNNPNNN,1780984121,-,cms-sw/cmsdist
1748874791,NA,9907,1,11,0,4,nsmith-,NNNNNNPNNNNNNNNNNNRNNN,1778161026,-,cms-sw/cmsdist
1743095188,NA,9761,1,53,0,4,makortel,NNNNNNPNNNNNNNNNNNRNNN,1762898442,-,cms-sw/cmsdist
1716292850,NA,9201,1,15,0,4,smuzaffar,NNNNNNPNNNNNNNNNNNRNNN,1780984039,-,cms-sw/cmsdist
1791205979,NA,6,1,4,0,5,BenjaminRS,NNNNNNPNNNNNPNNNNNANNN,1791215318,-,cms-data/L1Trigger-TrackTrigger
1790960091,NA,25,1,7,0,5,tvami,NNNNNNPNANNNNNNNNNPNNN,1790971419,-,cms-data/Configuration-Generator
1790906376,NA,2,1,9,0,5,tvami,NNANNNPNNNNNNNNNNNPNNN,1791028835,-,cms-data/IOMC-Input
1790680072,NA,22,1,2,0,5,GNiendorf,NNNNNNPNNNNNNNNNPNPNNN,1790680412,-,cms-data/RecoTracker-MkFit
1790678095,NA,2,1,4,0,6,EmanueleCoradin,NNNNNNPNNNPNNPNNNNPNNN,1791211817,-,cms-data/PhysicsTools-PyTorchAlpakaTest
1790677211,NA,6,1,19,0,5,masonproffitt,NNNNNNPNNNNNNNNNPNPNNN,1791289935,-,cms-data/RecoParticleFlow-PFProducer
1790071421,NA,1,1,4,0,5,felicepantaleo,NNNNNNPNNNNNNNNNPNANNN,1790079368,-,cms-data/RecoTICL-Interpretation
1790071344,NA,1,1,4,0,5,felicepantaleo,NNNNNNPNNNNNNNNNPNANNN,1790079824,-,cms-data/RecoTICL-Superclustering
1790071259,NA,1,1,6,0,5,felicepantaleo,NNNNNNPNNNNNNNNNPNANNN,1790579148,-,cms-data/RecoTICL-Inference
1789640553,NA,1,1,4,0,5,prabhatsolanki,NNNNNNPNNNNNNNNNPNPNNN,1789642072,-,cms-data/RecoVertex-PrimaryVertexProducer
1789391578,NA,17,1,2,0,5,pritampalit,NNNNNNPNNNNNNNNNPNPNNN,1789391818,-,cms-data/RecoTauTag-TrainingFiles
1788971128,NA,21,1,3,0,5,mmasciov,NNNNNNPNNNNNNNNNPNPNNN,1789397168,-,cms-data/RecoTracker-MkFit
1782848144,NA,22,1,10,0,5,cardinia,NNNNNNPNANNNNNNNNNANNN,1783323375,-,cms-data/Configuration-Generator
1782840827,NA,9,1,10,0,5,amastron23,NNNNNNPNNNNNPNNNNNANNN,1785234623,-,cms-data/L1Trigger-TrackFindingTracklet
1779716399,NA,29,1,7,0,5,kawaho,NNNNNNPNANNNNNNNNNANNN,1782399528,-,cms-data/GeneratorInterface-EvtGenInterface
1657705163,NA,6,1,26,0,5,michael-pitt,PNNNNNPNNNNNNNNNNNPNNN,1778268712,-,cms-data/CalibPPS-ESProducers
1749305841,NA,19,1,16,0,4,lgray,NNNNNNPNNNNNNNNNNNPNNN,1790958575,-,cms-externals/fastjet-contrib
